"Import Company Business Units","Import Company Business Units"
"Importing a lot of company business units can take some time","Importing a lot of company business units can take some time"
"Back to Company Business Units","Back to Company Business Units"
"Upload Company Business Units","Upload Company Business Units"
"Back to Company Business Units Import","Back to Company Business Units Import"
"Errors found inside your file:","Errors found inside your file:"
"Report from the imported file","Report from the imported file"
"New Admins:","New Admins:"
"Updated Admins:","Updated Admins:"
"New Company Business Units:","New Company Business Units:"
"Updated Company Business Units:","Updated Company Business Units:"
"New Company Unit Addresses:","New Company Unit Addresses:"
"Updated Company Unit Addresses:","Updated Company Unit Addresses:"
