merchant_relation_key,abstract_sku,concrete_sku,price_type,store,currency,price_net,price_gross
mr-004,M61240,,DEFAULT,AU,AUD,12394,14750
mr-004,M61240,,ORIGINAL,AU,AUD,13771,16388
mr-004,,100107,DEFAULT,AU,AUD,12394,14750
mr-004,,100107,ORIGINAL,AU,AUD,13771,16388
mr-004,C2235,,DEFAULT,AU,AUD,6378,7590
mr-004,C2235,,ORIGINAL,AU,AUD,7086,8433
mr-004,,1001454,DEFAULT,AU,AUD,6378,7590
mr-004,,1001454,ORIGINAL,AU,AUD,7086,8433
mr-004,,100223,DEFAULT,AU,AUD,14193,16890
mr-004,,100223,ORIGINAL,AU,AUD,15770,18766
mr-004,M770,,DEFAULT,AU,AUD,20982,24970
mr-004,M770,,ORIGINAL,AU,AUD,23314,27744
mr-004,,100266,DEFAULT,AU,AUD,20982,24970
mr-004,,100266,ORIGINAL,AU,AUD,23314,27744
mr-004,M634,,DEFAULT,AU,AUD,106687,126958
mr-004,M634,,ORIGINAL,AU,AUD,118541,141064
mr-004,,100288,DEFAULT,AU,AUD,106687,126958
mr-004,,100288,ORIGINAL,AU,AUD,118541,141064
mr-004,M10569,,DEFAULT,AU,AUD,22530,26810
mr-004,M10569,,ORIGINAL,AU,AUD,25033,29789
mr-004,,100414,DEFAULT,AU,AUD,22530,26810
mr-004,,100414,ORIGINAL,AU,AUD,25033,29789
mr-004,M39654,,DEFAULT,AU,AUD,5622,6691
mr-004,M39654,,ORIGINAL,AU,AUD,6246,7434
mr-004,,100429,DEFAULT,AU,AUD,5622,6691
mr-004,,100429,ORIGINAL,AU,AUD,6246,7434
mr-004,M11222,,DEFAULT,AU,AUD,9198,10946
mr-004,M11222,,ORIGINAL,AU,AUD,10219,12162
mr-004,,100430,DEFAULT,AU,AUD,9198,10946
mr-004,,100430,ORIGINAL,AU,AUD,10219,12162
mr-004,M2393,,DEFAULT,AU,AUD,8250,9818
mr-004,M2393,,ORIGINAL,AU,AUD,9166,10908
mr-004,,100588,DEFAULT,AU,AUD,8250,9818
mr-004,,100588,ORIGINAL,AU,AUD,9166,10908
mr-004,M45050,,DEFAULT,AU,AUD,19396,23082
mr-004,M45050,,ORIGINAL,AU,AUD,21550,25646
mr-004,,100666,DEFAULT,AU,AUD,19396,23082
mr-004,,100666,ORIGINAL,AU,AUD,21550,25646
mr-004,M302,,DEFAULT,AU,AUD,8357,9945
mr-004,M302,,ORIGINAL,AU,AUD,9285,11050
mr-004,,100682,DEFAULT,AU,AUD,8357,9945
mr-004,,100682,ORIGINAL,AU,AUD,9285,11050
mr-004,M75601,,DEFAULT,AU,AUD,10382,12355
mr-004,M75601,,ORIGINAL,AU,AUD,11536,13728
mr-004,,100683,DEFAULT,AU,AUD,10382,12355
mr-004,,100683,ORIGINAL,AU,AUD,11536,13728
mr-004,M53238,,DEFAULT,AU,AUD,15294,18200
mr-004,M53238,,ORIGINAL,AU,AUD,16993,20222
mr-004,,100907,DEFAULT,AU,AUD,15294,18200
mr-004,,100907,ORIGINAL,AU,AUD,16993,20222
mr-004,M53331,,DEFAULT,AU,AUD,12593,14985
mr-004,M53331,,ORIGINAL,AU,AUD,13992,16650
mr-004,,100949,DEFAULT,AU,AUD,12593,14985
mr-004,,100949,ORIGINAL,AU,AUD,13992,16650
mr-004,M49344,,DEFAULT,AU,AUD,11254,13393
mr-004,M49344,,ORIGINAL,AU,AUD,12505,14881
mr-004,,100999,DEFAULT,AU,AUD,11254,13393
mr-004,,100999,ORIGINAL,AU,AUD,12505,14881
mr-004,M49207,,DEFAULT,AU,AUD,30269,36019
mr-004,M49207,,ORIGINAL,AU,AUD,33632,40021
mr-004,,101007,DEFAULT,AU,AUD,30269,36019
mr-004,,101007,ORIGINAL,AU,AUD,33632,40021
mr-004,M53235,,DEFAULT,AU,AUD,26972,32096
mr-004,M53235,,ORIGINAL,AU,AUD,29969,35662
mr-004,,101102,DEFAULT,AU,AUD,26972,32096
mr-004,,101102,ORIGINAL,AU,AUD,29969,35662
mr-004,M731,,DEFAULT,AU,AUD,24382,29014
mr-004,M731,,ORIGINAL,AU,AUD,27090,32237
mr-004,,101171,DEFAULT,AU,AUD,24382,29014
mr-004,,101171,ORIGINAL,AU,AUD,27090,32237
mr-004,M1028038,,DEFAULT,AU,AUD,13483,16046
mr-004,M1028038,,ORIGINAL,AU,AUD,14981,17828
mr-004,,101172,DEFAULT,AU,AUD,13483,16046
mr-004,,101172,ORIGINAL,AU,AUD,14981,17828
mr-004,M2495,,DEFAULT,AU,AUD,12917,15371
mr-004,M2495,,ORIGINAL,AU,AUD,14352,17078
mr-004,,101226,DEFAULT,AU,AUD,12917,15371
mr-004,,101226,ORIGINAL,AU,AUD,14352,17078
mr-004,M11480,,DEFAULT,AU,AUD,15314,18224
mr-004,M11480,,ORIGINAL,AU,AUD,17016,20249
mr-004,,101441,DEFAULT,AU,AUD,15314,18224
mr-004,,101441,ORIGINAL,AU,AUD,17016,20249
mr-004,M1014948,,DEFAULT,AU,AUD,14786,17594
mr-004,M1014948,,ORIGINAL,AU,AUD,16428,19549
mr-004,,101509,DEFAULT,AU,AUD,14786,17594
mr-004,,101509,ORIGINAL,AU,AUD,16428,19549
mr-004,M64933,,DEFAULT,AU,AUD,9202,10951
mr-004,M64933,,ORIGINAL,AU,AUD,10225,12168
mr-004,,101515,DEFAULT,AU,AUD,9202,10951
mr-004,,101515,ORIGINAL,AU,AUD,10225,12168
mr-004,M39658,,DEFAULT,AU,AUD,15350,18267
mr-004,M39658,,ORIGINAL,AU,AUD,17056,20297
mr-004,,101560,DEFAULT,AU,AUD,15350,18267
mr-004,,101560,ORIGINAL,AU,AUD,17056,20297
mr-004,M15226,,DEFAULT,AU,AUD,17158,20418
mr-004,M15226,,ORIGINAL,AU,AUD,19065,22686
mr-004,,101759,DEFAULT,AU,AUD,17158,20418
mr-004,,101759,ORIGINAL,AU,AUD,19065,22686
mr-004,M79890,,DEFAULT,AU,AUD,8790,10461
mr-004,M79890,,ORIGINAL,AU,AUD,9766,11622
mr-004,,101828,DEFAULT,AU,AUD,8790,10461
mr-004,,101828,ORIGINAL,AU,AUD,9766,11622
mr-004,M74972,,DEFAULT,AU,AUD,26414,31434
mr-004,M74972,,ORIGINAL,AU,AUD,29349,34926
mr-004,,101863,DEFAULT,AU,AUD,26414,31434
mr-004,,101863,ORIGINAL,AU,AUD,29349,34926
mr-004,M74974,,DEFAULT,AU,AUD,34582,41153
mr-004,M74974,,ORIGINAL,AU,AUD,38425,45725
mr-004,,101865,DEFAULT,AU,AUD,34582,41153
mr-004,,101865,ORIGINAL,AU,AUD,38425,45725
mr-004,M74907,,DEFAULT,AU,AUD,47783,56862
mr-004,M74907,,ORIGINAL,AU,AUD,53092,63179
mr-004,,101940,DEFAULT,AU,AUD,47783,56862
mr-004,,101940,ORIGINAL,AU,AUD,53092,63179
mr-004,M1018212,,DEFAULT,AU,AUD,34410,40948
mr-004,M1018212,,ORIGINAL,AU,AUD,38233,45498
mr-004,,102121,DEFAULT,AU,AUD,34410,40948
mr-004,,102121,ORIGINAL,AU,AUD,38233,45498
mr-004,M58035,,DEFAULT,AU,AUD,21842,25993
mr-004,M58035,,ORIGINAL,AU,AUD,24269,28881
mr-004,,102124,DEFAULT,AU,AUD,21842,25993
mr-004,,102124,ORIGINAL,AU,AUD,24269,28881
mr-004,,102126,DEFAULT,AU,AUD,21282,25326
mr-004,,102126,ORIGINAL,AU,AUD,23646,28139
mr-004,,102128,DEFAULT,AU,AUD,25295,30102
mr-004,,102128,ORIGINAL,AU,AUD,28106,33446
mr-004,,102130,DEFAULT,AU,AUD,26039,30986
mr-004,,102130,ORIGINAL,AU,AUD,28932,34429
mr-004,M58100,,DEFAULT,AU,AUD,21181,25205
mr-004,M58100,,ORIGINAL,AU,AUD,23534,28005
mr-004,,102169,DEFAULT,AU,AUD,21181,25205
mr-004,,102169,ORIGINAL,AU,AUD,23534,28005
mr-004,M58095,,DEFAULT,AU,AUD,12288,14623
mr-004,M58095,,ORIGINAL,AU,AUD,13653,16248
mr-004,,102177,DEFAULT,AU,AUD,12288,14623
mr-004,,102177,ORIGINAL,AU,AUD,13653,16248
mr-004,M58102,,DEFAULT,AU,AUD,13472,16032
mr-004,,102180,DEFAULT,AU,AUD,13472,16032
mr-004,M58103,,DEFAULT,AU,AUD,13472,16032
mr-004,,102181,DEFAULT,AU,AUD,13472,16032
mr-004,M58104,,DEFAULT,AU,AUD,13472,16032
mr-004,,102182,DEFAULT,AU,AUD,13472,16032
mr-004,M58105,,DEFAULT,AU,AUD,13472,16032
mr-004,,102183,DEFAULT,AU,AUD,13472,16032
mr-004,M61124,,DEFAULT,AU,AUD,12378,14729
mr-004,,102708,DEFAULT,AU,AUD,12378,14729
mr-004,M61125,,DEFAULT,AU,AUD,14628,17407
mr-004,,102712,DEFAULT,AU,AUD,14628,17407
mr-004,M53287,,DEFAULT,AU,AUD,10126,12051
mr-004,,102775,DEFAULT,AU,AUD,10126,12051
mr-004,M53288,,DEFAULT,AU,AUD,10427,12408
mr-004,,102779,DEFAULT,AU,AUD,10427,12408
mr-004,M226,,DEFAULT,AU,AUD,31282,37225
mr-004,,102809,DEFAULT,AU,AUD,31282,37225
mr-004,M62584,,DEFAULT,AU,AUD,13427,15978
mr-004,,102841,DEFAULT,AU,AUD,13427,15978
mr-004,M766,,DEFAULT,AU,AUD,15378,18300
mr-004,,102917,DEFAULT,AU,AUD,15378,18300
mr-004,M767,,DEFAULT,AU,AUD,15866,18880
mr-004,,102918,DEFAULT,AU,AUD,15866,18880
mr-004,M768,,DEFAULT,AU,AUD,17328,20621
mr-004,,102919,DEFAULT,AU,AUD,17328,20621
mr-004,M769,,DEFAULT,AU,AUD,18529,22049
mr-004,,102920,DEFAULT,AU,AUD,18529,22049
mr-004,M771,,DEFAULT,AU,AUD,20029,23834
mr-004,,102922,DEFAULT,AU,AUD,20029,23834
mr-004,M787,,DEFAULT,AU,AUD,18603,22138
mr-004,,102923,DEFAULT,AU,AUD,18603,22138
mr-004,M788,,DEFAULT,AU,AUD,19879,23656
mr-004,,102924,DEFAULT,AU,AUD,19879,23656
mr-004,M789,,DEFAULT,AU,AUD,20329,24191
mr-004,,102925,DEFAULT,AU,AUD,20329,24191
mr-004,,102935,DEFAULT,AU,AUD,10291,12246
mr-004,,102936,DEFAULT,AU,AUD,11740,13970
mr-004,,102938,DEFAULT,AU,AUD,13953,16604
mr-004,,102939,DEFAULT,AU,AUD,14778,17586
mr-004,M719,,DEFAULT,AU,AUD,15416,18345
mr-004,,102940,DEFAULT,AU,AUD,15416,18345
mr-004,M72878,,DEFAULT,AU,AUD,15129,18003
mr-004,,102972,DEFAULT,AU,AUD,15129,18003
mr-004,M64947,,DEFAULT,AU,AUD,10622,12640
mr-004,,102976,DEFAULT,AU,AUD,10622,12640
mr-004,M64934,,DEFAULT,AU,AUD,16428,19550
mr-004,,102988,DEFAULT,AU,AUD,16428,19550
mr-004,M40490,,DEFAULT,AU,AUD,20929,24906
mr-004,,103117,DEFAULT,AU,AUD,20929,24906
mr-004,M40491,,DEFAULT,AU,AUD,26930,32047
mr-004,,103118,DEFAULT,AU,AUD,26930,32047
mr-004,M11306,,DEFAULT,AU,AUD,12047,14336
mr-004,,103235,DEFAULT,AU,AUD,12047,14336
mr-004,M74815,,DEFAULT,AU,AUD,14178,16871
mr-004,,103296,DEFAULT,AU,AUD,14178,16871
mr-004,M66923,,DEFAULT,AU,AUD,7471,8890
mr-004,,103388,DEFAULT,AU,AUD,7471,8890
mr-004,M69408,,DEFAULT,AU,AUD,17028,20264
mr-004,,103510,DEFAULT,AU,AUD,17028,20264
mr-004,M1028049,,DEFAULT,AU,AUD,22430,26691
mr-004,,103740,DEFAULT,AU,AUD,22430,26691
mr-004,M72844,,DEFAULT,AU,AUD,51686,61506
mr-004,,103836,DEFAULT,AU,AUD,51686,61506
mr-004,M72843,,DEFAULT,AU,AUD,34432,40974
mr-004,,103838,DEFAULT,AU,AUD,34432,40974
mr-004,M72937,,DEFAULT,AU,AUD,39833,47402
mr-004,,103889,DEFAULT,AU,AUD,39833,47402
mr-004,M72938,,DEFAULT,AU,AUD,41258,49098
mr-004,,103890,DEFAULT,AU,AUD,41258,49098
mr-004,M72933,,DEFAULT,AU,AUD,31994,38074
mr-004,,103905,DEFAULT,AU,AUD,31994,38074
mr-004,M72935,,DEFAULT,AU,AUD,33419,39770
mr-004,,103907,DEFAULT,AU,AUD,33419,39770
mr-004,M26831,,DEFAULT,AU,AUD,51686,61506
mr-004,,104074,DEFAULT,AU,AUD,51686,61506
mr-004,M10577,,DEFAULT,AU,AUD,6578,7828
mr-004,,104151,DEFAULT,AU,AUD,6578,7828
mr-004,M10871,,DEFAULT,AU,AUD,7718,9186
mr-004,,104190,DEFAULT,AU,AUD,7718,9186
mr-004,M10872,,DEFAULT,AU,AUD,8191,9748
mr-004,,104192,DEFAULT,AU,AUD,8191,9748
mr-004,M11473,,DEFAULT,AU,AUD,8484,10096
mr-004,,104440,DEFAULT,AU,AUD,8484,10096
mr-004,M75071,,DEFAULT,AU,AUD,15571,18530
mr-004,,104445,DEFAULT,AU,AUD,15571,18530
mr-004,M11542,,DEFAULT,AU,AUD,7718,9186
mr-004,M11542,,ORIGINAL,AU,AUD,8576,10206
mr-004,,104517,DEFAULT,AU,AUD,7718,9186
mr-004,,104517,ORIGINAL,AU,AUD,8576,10206
mr-004,M2365,,DEFAULT,AU,AUD,19054,22674
mr-004,,104523,DEFAULT,AU,AUD,19054,22674
mr-004,M2366,,DEFAULT,AU,AUD,20525,24425
mr-004,,104524,DEFAULT,AU,AUD,20525,24425
mr-004,M526,,DEFAULT,AU,AUD,21298,25344
mr-004,,104937,DEFAULT,AU,AUD,21298,25344
mr-004,M528,,DEFAULT,AU,AUD,22107,26307
mr-004,M528,,ORIGINAL,AU,AUD,24563,29230
mr-004,,104939,DEFAULT,AU,AUD,22107,26307
mr-004,,104939,ORIGINAL,AU,AUD,24563,29230
mr-004,M79892,,DEFAULT,AU,AUD,9691,11533
mr-004,,107061,DEFAULT,AU,AUD,9691,11533
mr-004,M79932,,DEFAULT,AU,AUD,6685,7955
mr-004,,107063,DEFAULT,AU,AUD,6685,7955
mr-004,M80392,,DEFAULT,AU,AUD,13666,16263
mr-004,,107253,DEFAULT,AU,AUD,13666,16263
mr-004,,107252,DEFAULT,AU,AUD,15033,17889
mr-004,M12655,,DEFAULT,AU,AUD,13666,16263
mr-004,,107254,DEFAULT,AU,AUD,13666,16263
mr-004,M87416,,DEFAULT,AU,AUD,30137,35863
mr-004,,107273,DEFAULT,AU,AUD,30137,35863
mr-004,M87599,,DEFAULT,AU,AUD,52108,62008
mr-004,,107287,DEFAULT,AU,AUD,52108,62008
mr-004,M213,,DEFAULT,AU,AUD,19152,22790
mr-004,,107305,DEFAULT,AU,AUD,19152,22790
mr-004,M229,,DEFAULT,AU,AUD,25331,30144
mr-004,,107306,DEFAULT,AU,AUD,25331,30144
mr-004,M14054,,DEFAULT,AU,AUD,34257,40766
mr-004,,107310,DEFAULT,AU,AUD,34257,40766
mr-004,M15127,,DEFAULT,AU,AUD,19152,22790
mr-004,,107311,DEFAULT,AU,AUD,19152,22790
mr-004,M432,,DEFAULT,AU,AUD,43218,51430
mr-004,,107313,DEFAULT,AU,AUD,43218,51430
mr-004,M87464,,DEFAULT,AU,AUD,27390,32595
mr-004,,107315,DEFAULT,AU,AUD,27390,32595
mr-004,M86939,,DEFAULT,AU,AUD,14382,17114
mr-004,,107396,DEFAULT,AU,AUD,14382,17114
mr-004,M86938,,DEFAULT,AU,AUD,15827,18834
mr-004,,107403,DEFAULT,AU,AUD,15827,18834
mr-004,M90851,,DEFAULT,AU,AUD,97172,115635
mr-004,,107938,DEFAULT,AU,AUD,97172,115635
mr-004,M90810,,DEFAULT,AU,AUD,25331,30144
mr-004,,108263,DEFAULT,AU,AUD,25331,30144
mr-004,M90737,,DEFAULT,AU,AUD,11606,13811
mr-004,,108278,DEFAULT,AU,AUD,11606,13811
mr-004,M90800,,DEFAULT,AU,AUD,23958,28510
mr-004,,108287,DEFAULT,AU,AUD,23958,28510
mr-004,M90805,,DEFAULT,AU,AUD,35630,42399
mr-004,,108298,DEFAULT,AU,AUD,35630,42399
mr-004,M90806,,DEFAULT,AU,AUD,44591,53064
mr-004,,108302,DEFAULT,AU,AUD,44591,53064
mr-004,M1000785,,DEFAULT,AU,AUD,32450,38615
mr-004,,212427,DEFAULT,AU,AUD,32450,38615
mr-004,M1000786,,DEFAULT,AU,AUD,9716,11562
mr-004,,212440,DEFAULT,AU,AUD,9716,11562
mr-004,M1000838,,DEFAULT,AU,AUD,113030,134506
mr-004,,212442,DEFAULT,AU,AUD,113030,134506
mr-004,M1000839,,DEFAULT,AU,AUD,134330,159854
mr-004,,212444,DEFAULT,AU,AUD,134330,159854
mr-004,M1000840,,DEFAULT,AU,AUD,212916,253370
mr-004,,212447,DEFAULT,AU,AUD,212916,253370
mr-004,M1006484,,DEFAULT,AU,AUD,17005,20236
mr-004,,212837,DEFAULT,AU,AUD,17005,20236
mr-004,M1006811,,DEFAULT,AU,AUD,11491,13674
mr-004,,213103,DEFAULT,AU,AUD,11491,13674
mr-004,M1006871,,DEFAULT,AU,AUD,19441,23134
mr-004,,213216,DEFAULT,AU,AUD,19441,23134
mr-004,M5108,,DEFAULT,AU,AUD,7219,8591
mr-004,,400065,DEFAULT,AU,AUD,7219,8591
mr-004,M5043,,DEFAULT,AU,AUD,21500,25585
mr-004,,400072,DEFAULT,AU,AUD,21500,25585
mr-004,M5022,,DEFAULT,AU,AUD,14382,17114
mr-004,,400074,DEFAULT,AU,AUD,14382,17114
mr-004,M5113,,DEFAULT,AU,AUD,12936,15394
mr-004,,400434,DEFAULT,AU,AUD,12936,15394
mr-004,M65062,,DEFAULT,AU,AUD,118887,141476
mr-004,,400855,DEFAULT,AU,AUD,118887,141476
mr-004,M5154,,DEFAULT,AU,AUD,8781,10450
mr-004,,401627,DEFAULT,AU,AUD,8781,10450
mr-004,M5155,,DEFAULT,AU,AUD,12301,14638
mr-004,,401629,DEFAULT,AU,AUD,12301,14638
mr-004,M5147,,DEFAULT,AU,AUD,12647,15050
mr-004,,401768,DEFAULT,AU,AUD,12647,15050
mr-004,M5148,,DEFAULT,AU,AUD,17273,20554
mr-004,,401781,DEFAULT,AU,AUD,17273,20554
mr-004,M5044,,DEFAULT,AU,AUD,14245,16951
mr-004,,403006,DEFAULT,AU,AUD,14245,16951
mr-004,M70208,,DEFAULT,AU,AUD,15827,18834
mr-004,,403125,DEFAULT,AU,AUD,15827,18834
mr-004,M88184,,DEFAULT,AU,AUD,469768,559023
mr-004,,404108,DEFAULT,AU,AUD,469768,559023
mr-004,M1031236,,DEFAULT,AU,AUD,13370,15910
mr-004,,408034,DEFAULT,AU,AUD,13370,15910
mr-004,M1031238,,DEFAULT,AU,AUD,4184,4979
mr-004,,408104,DEFAULT,AU,AUD,4184,4979
mr-004,M90799,,DEFAULT,AU,AUD,27390,32595
mr-004,,410075,DEFAULT,AU,AUD,27390,32595
mr-004,M90802,,DEFAULT,AU,AUD,33570,39949
mr-004,,410083,DEFAULT,AU,AUD,33570,39949
mr-004,M1024684,,DEFAULT,AU,AUD,42495,50570
mr-004,,410090,DEFAULT,AU,AUD,42495,50570
mr-004,M1024689,,DEFAULT,AU,AUD,59696,71038
mr-004,,410102,DEFAULT,AU,AUD,59696,71038
mr-004,M90804,,DEFAULT,AU,AUD,19152,22790
mr-004,,410104,DEFAULT,AU,AUD,19152,22790
mr-004,M1080190,,DEFAULT,AU,AUD,21898,26058
mr-004,,411653,DEFAULT,AU,AUD,21898,26058
mr-004,M1079243,,DEFAULT,AU,AUD,14382,17114
mr-004,,413849,DEFAULT,AU,AUD,14382,17114
mr-004,M1079219,,DEFAULT,AU,AUD,28114,33455
mr-004,,413850,DEFAULT,AU,AUD,28114,33455
mr-004,M1079221,,DEFAULT,AU,AUD,13057,15538
mr-004,,413852,DEFAULT,AU,AUD,13057,15538
mr-004,M1079222,,DEFAULT,AU,AUD,23054,27434
mr-004,,413854,DEFAULT,AU,AUD,23054,27434
mr-004,M1028375,,DEFAULT,AU,AUD,58323,69405
mr-004,,414097,DEFAULT,AU,AUD,58323,69405
mr-004,M1028376,,DEFAULT,AU,AUD,61720,73446
mr-004,,414098,DEFAULT,AU,AUD,61720,73446
mr-004,M29455,,DEFAULT,AU,AUD,23054,27434
mr-004,M29455,,ORIGINAL,AU,AUD,25616,30482
mr-004,,419780,DEFAULT,AU,AUD,23054,27434
mr-004,,419780,ORIGINAL,AU,AUD,25616,30482
mr-004,M29456,,DEFAULT,AU,AUD,18014,21438
mr-004,,419781,DEFAULT,AU,AUD,18014,21438
mr-004,,419782,DEFAULT,AU,AUD,14411,17150
mr-004,M29468,,DEFAULT,AU,AUD,39874,47450
mr-004,,419803,DEFAULT,AU,AUD,39874,47450
mr-004,M29499,,DEFAULT,AU,AUD,2254,2682
mr-004,,419869,DEFAULT,AU,AUD,2254,2682
mr-004,M29501,,DEFAULT,AU,AUD,19522,23231
mr-004,,419871,DEFAULT,AU,AUD,19522,23231
mr-004,M29502,,DEFAULT,AU,AUD,2630,3130
mr-004,,419872,DEFAULT,AU,AUD,2630,3130
mr-004,M29503,,DEFAULT,AU,AUD,4138,4924
mr-004,,419873,DEFAULT,AU,AUD,4138,4924
mr-004,M29504,,DEFAULT,AU,AUD,22537,26819
mr-004,,419876,DEFAULT,AU,AUD,22537,26819
mr-004,M29507,,DEFAULT,AU,AUD,14999,17850
mr-004,,419880,DEFAULT,AU,AUD,14999,17850
mr-004,M29523,,DEFAULT,AU,AUD,36858,43862
mr-004,,419897,DEFAULT,AU,AUD,36858,43862
mr-004,M29524,,DEFAULT,AU,AUD,26306,31304
mr-004,M29524,,ORIGINAL,AU,AUD,29228,34782
mr-004,,419898,DEFAULT,AU,AUD,26306,31304
mr-004,,419898,ORIGINAL,AU,AUD,29228,34782
mr-004,M29525,,DEFAULT,AU,AUD,7686,9147
mr-004,,419900,DEFAULT,AU,AUD,7686,9147
mr-004,M29526,,DEFAULT,AU,AUD,7686,9147
mr-004,,419901,DEFAULT,AU,AUD,7686,9147
mr-004,M29529,,DEFAULT,AU,AUD,61952,73723
mr-004,M29529,,ORIGINAL,AU,AUD,68835,81914
mr-004,,419904,DEFAULT,AU,AUD,61952,73723
mr-004,,419904,ORIGINAL,AU,AUD,68835,81914
mr-004,M29530,,DEFAULT,AU,AUD,71120,84633
mr-004,M29530,,ORIGINAL,AU,AUD,79022,94036
mr-004,,419905,DEFAULT,AU,AUD,71120,84633
mr-004,,419905,ORIGINAL,AU,AUD,79022,94036
mr-004,M21062,,DEFAULT,AU,AUD,348,414
mr-004,,420506,DEFAULT,AU,AUD,348,414
mr-004,M21066,,DEFAULT,AU,AUD,196,234
mr-004,,420514,DEFAULT,AU,AUD,196,234
mr-004,M21067,,DEFAULT,AU,AUD,226,270
mr-004,,420520,DEFAULT,AU,AUD,226,270
mr-004,M21073,,DEFAULT,AU,AUD,447,532
mr-004,,420527,DEFAULT,AU,AUD,447,532
mr-004,M21090,,DEFAULT,AU,AUD,1459,1736
mr-004,,420549,DEFAULT,AU,AUD,1459,1736
mr-004,M21091,,DEFAULT,AU,AUD,2245,2672
mr-004,,420550,DEFAULT,AU,AUD,2245,2672
mr-004,M21092,,DEFAULT,AU,AUD,758,902
mr-004,,420551,DEFAULT,AU,AUD,758,902
mr-004,M21093,,DEFAULT,AU,AUD,2192,2609
mr-004,,420554,DEFAULT,AU,AUD,2192,2609
mr-004,M21094,,DEFAULT,AU,AUD,8345,9930
mr-004,,420555,DEFAULT,AU,AUD,8345,9930
mr-004,M21097,,DEFAULT,AU,AUD,1558,1855
mr-004,,420562,DEFAULT,AU,AUD,1558,1855
mr-004,M21099,,DEFAULT,AU,AUD,667,794
mr-004,,420565,DEFAULT,AU,AUD,667,794
mr-004,M21100,,DEFAULT,AU,AUD,1062,1263
mr-004,,420566,DEFAULT,AU,AUD,1062,1263
mr-004,M21101,,DEFAULT,AU,AUD,1622,1930
mr-004,,420567,DEFAULT,AU,AUD,1622,1930
mr-004,M21103,,DEFAULT,AU,AUD,1746,2077
mr-004,,420573,DEFAULT,AU,AUD,1746,2077
mr-004,M21104,,DEFAULT,AU,AUD,6111,7273
mr-004,,420574,DEFAULT,AU,AUD,6111,7273
mr-004,M21105,,DEFAULT,AU,AUD,1594,1896
mr-004,,420575,DEFAULT,AU,AUD,1594,1896
mr-004,M21189,,DEFAULT,AU,AUD,530,631
mr-004,,420685,DEFAULT,AU,AUD,320,384
mr-004,M21190,,DEFAULT,AU,AUD,325,387
mr-004,M21190,,ORIGINAL,AU,AUD,361,430
mr-004,,420687,DEFAULT,AU,AUD,325,387
mr-004,,420687,ORIGINAL,AU,AUD,361,430
mr-004,M21191,,DEFAULT,AU,AUD,244,290
mr-004,,420689,DEFAULT,AU,AUD,244,290
mr-004,M21193,,DEFAULT,AU,AUD,589,701
mr-004,,420691,DEFAULT,AU,AUD,589,701
mr-004,M21194,,DEFAULT,AU,AUD,390,464
mr-004,,420692,DEFAULT,AU,AUD,390,464
mr-004,M21195,,DEFAULT,AU,AUD,284,338
mr-004,,420694,DEFAULT,AU,AUD,284,338
mr-004,M21196,,DEFAULT,AU,AUD,635,756
mr-004,,420695,DEFAULT,AU,AUD,635,756
mr-004,M21197,,DEFAULT,AU,AUD,828,985
mr-004,,420696,DEFAULT,AU,AUD,828,985
mr-004,M21200,,DEFAULT,AU,AUD,290,346
mr-004,,420706,DEFAULT,AU,AUD,290,346
mr-004,M21201,,DEFAULT,AU,AUD,284,338
mr-004,,420707,DEFAULT,AU,AUD,284,338
mr-004,M21202,,DEFAULT,AU,AUD,701,834
mr-004,,420708,DEFAULT,AU,AUD,701,834
mr-004,M21203,,DEFAULT,AU,AUD,701,834
mr-004,,420709,DEFAULT,AU,AUD,701,834
mr-004,M21205,,DEFAULT,AU,AUD,165,196
mr-004,,420712,DEFAULT,AU,AUD,165,196
mr-004,M21296,,DEFAULT,AU,AUD,794,946
mr-004,,420836,DEFAULT,AU,AUD,794,946
mr-004,M21299,,DEFAULT,AU,AUD,2452,2918
mr-004,,420845,DEFAULT,AU,AUD,2452,2918
mr-004,M21635,,DEFAULT,AU,AUD,960,1142
mr-004,,421245,DEFAULT,AU,AUD,960,1142
mr-004,M21636,,DEFAULT,AU,AUD,669,796
mr-004,,421246,DEFAULT,AU,AUD,669,796
mr-004,M21637,,DEFAULT,AU,AUD,377,448
mr-004,,421247,DEFAULT,AU,AUD,377,448
mr-004,M21638,,DEFAULT,AU,AUD,463,551
mr-004,,421248,DEFAULT,AU,AUD,463,551
mr-004,M21646,,DEFAULT,AU,AUD,171,204
mr-004,,421261,DEFAULT,AU,AUD,171,204
mr-004,M21648,,DEFAULT,AU,AUD,569,677
mr-004,,421263,DEFAULT,AU,AUD,569,677
mr-004,M21650,,DEFAULT,AU,AUD,363,433
mr-004,,421265,DEFAULT,AU,AUD,363,433
mr-004,M21679,,DEFAULT,AU,AUD,417,496
mr-004,,421322,DEFAULT,AU,AUD,417,496
mr-004,M21680,,DEFAULT,AU,AUD,356,424
mr-004,,421323,DEFAULT,AU,AUD,356,424
mr-004,M21681,,DEFAULT,AU,AUD,417,496
mr-004,,421324,DEFAULT,AU,AUD,417,496
mr-004,M21684,,DEFAULT,AU,AUD,211,251
mr-004,,421327,DEFAULT,AU,AUD,211,251
mr-004,M21690,,DEFAULT,AU,AUD,417,496
mr-004,,421339,DEFAULT,AU,AUD,417,496
mr-004,,421340,DEFAULT,AU,AUD,417,496
mr-004,M21691,,DEFAULT,AU,AUD,417,496
mr-004,,421341,DEFAULT,AU,AUD,417,496
mr-004,,421342,DEFAULT,AU,AUD,417,496
mr-004,M21692,,DEFAULT,AU,AUD,417,496
mr-004,,421343,DEFAULT,AU,AUD,417,496
mr-004,,421344,DEFAULT,AU,AUD,417,496
mr-004,M21693,,DEFAULT,AU,AUD,417,496
mr-004,,421345,DEFAULT,AU,AUD,417,496
mr-004,,421346,DEFAULT,AU,AUD,417,496
mr-004,M21694,,DEFAULT,AU,AUD,522,622
mr-004,,421347,DEFAULT,AU,AUD,522,622
mr-004,M21703,,DEFAULT,AU,AUD,330,393
mr-004,,421378,DEFAULT,AU,AUD,330,393
mr-004,M21708,,DEFAULT,AU,AUD,363,433
mr-004,,421418,DEFAULT,AU,AUD,363,433
mr-004,M21704,,DEFAULT,AU,AUD,244,290
mr-004,,421425,DEFAULT,AU,AUD,244,290
mr-004,M21711,,DEFAULT,AU,AUD,298,354
mr-004,,421426,DEFAULT,AU,AUD,298,354
mr-004,M21713,,DEFAULT,AU,AUD,689,819
mr-004,,421428,DEFAULT,AU,AUD,689,819
mr-004,M21714,,DEFAULT,AU,AUD,675,803
mr-004,,421432,DEFAULT,AU,AUD,675,803
mr-004,M21715,,DEFAULT,AU,AUD,390,464
mr-004,,421433,DEFAULT,AU,AUD,390,464
mr-004,M21716,,DEFAULT,AU,AUD,437,519
mr-004,,421435,DEFAULT,AU,AUD,437,519
mr-004,M21717,,DEFAULT,AU,AUD,165,196
mr-004,,421436,DEFAULT,AU,AUD,165,196
mr-004,M21740,,DEFAULT,AU,AUD,264,314
mr-004,,421475,DEFAULT,AU,AUD,264,314
mr-004,M21741,,DEFAULT,AU,AUD,264,314
mr-004,,421476,DEFAULT,AU,AUD,264,314
mr-004,M21742,,DEFAULT,AU,AUD,264,314
mr-004,,421477,DEFAULT,AU,AUD,264,314
mr-004,M21743,,DEFAULT,AU,AUD,264,314
mr-004,,421478,DEFAULT,AU,AUD,264,314
mr-004,M21744,,DEFAULT,AU,AUD,298,354
mr-004,,421479,DEFAULT,AU,AUD,298,354
mr-004,M21745,,DEFAULT,AU,AUD,794,946
mr-004,,421481,DEFAULT,AU,AUD,794,946
mr-004,M21759,,DEFAULT,AU,AUD,1987,2365
mr-004,M21759,,ORIGINAL,AU,AUD,2208,2627
mr-004,,421511,DEFAULT,AU,AUD,1987,2365
mr-004,,421511,ORIGINAL,AU,AUD,2208,2627
mr-004,M21766,,DEFAULT,AU,AUD,182,217
mr-004,,421519,DEFAULT,AU,AUD,182,217
mr-004,,421519_1,DEFAULT,AU,AUD,912,1084
mr-004,,421519_2,DEFAULT,AU,AUD,1824,2168
mr-004,,421519_3,DEFAULT,AU,AUD,2736,3252
mr-004,M21771,,DEFAULT,AU,AUD,176,209
mr-004,,421530,DEFAULT,AU,AUD,176,209
mr-004,M21772,,DEFAULT,AU,AUD,2449,2914
mr-004,,421531,DEFAULT,AU,AUD,2449,2914
mr-004,M21773,,DEFAULT,AU,AUD,2802,3334
mr-004,,421533,DEFAULT,AU,AUD,2802,3334
mr-004,M21774,,DEFAULT,AU,AUD,1128,1342
mr-004,,421534,DEFAULT,AU,AUD,1128,1342
mr-004,M21777,,DEFAULT,AU,AUD,966,1150
mr-004,,421538,DEFAULT,AU,AUD,966,1150
mr-004,M21778,,DEFAULT,AU,AUD,966,1150
mr-004,,421539,DEFAULT,AU,AUD,966,1150
mr-004,M21779,,DEFAULT,AU,AUD,2075,2469
mr-004,,421540,DEFAULT,AU,AUD,2075,2469
mr-004,M21903,,DEFAULT,AU,AUD,726,864
mr-004,,421768,DEFAULT,AU,AUD,726,864
mr-004,M22230,,DEFAULT,AU,AUD,705,839
mr-004,,422524,DEFAULT,AU,AUD,705,839
mr-004,M22232,,DEFAULT,AU,AUD,521,620
mr-004,,422528,DEFAULT,AU,AUD,521,620
mr-004,M22269,,DEFAULT,AU,AUD,599,713
mr-004,,422573,DEFAULT,AU,AUD,599,713
mr-004,M22397,,DEFAULT,AU,AUD,253,301
mr-004,,422721,DEFAULT,AU,AUD,253,301
mr-004,M22398,,DEFAULT,AU,AUD,32,38
mr-004,,422722,DEFAULT,AU,AUD,32,38
mr-004,M22410,,DEFAULT,AU,AUD,494,587
mr-004,,422741,DEFAULT,AU,AUD,494,587
mr-004,M22411,,DEFAULT,AU,AUD,494,587
mr-004,,422743,DEFAULT,AU,AUD,494,587
mr-004,M22412,,DEFAULT,AU,AUD,846,1007
mr-004,,422745,DEFAULT,AU,AUD,846,1007
mr-004,M22432,,DEFAULT,AU,AUD,387,461
mr-004,,422780,DEFAULT,AU,AUD,387,461
mr-004,M22484,,DEFAULT,AU,AUD,60,72
mr-004,,422855,DEFAULT,AU,AUD,60,72
mr-004,M22613,,DEFAULT,AU,AUD,140,166
mr-004,,423105,DEFAULT,AU,AUD,140,166
mr-004,M22660,,DEFAULT,AU,AUD,70,82
mr-004,M22660,,ORIGINAL,AU,AUD,77,91
mr-004,,423172,DEFAULT,AU,AUD,70,82
mr-004,,423172,ORIGINAL,AU,AUD,77,91
mr-004,M22661,,DEFAULT,AU,AUD,70,82
mr-004,,423173,DEFAULT,AU,AUD,70,82
mr-004,M22662,,DEFAULT,AU,AUD,70,82
mr-004,,423174,DEFAULT,AU,AUD,70,82
mr-004,M22663,,DEFAULT,AU,AUD,70,82
mr-004,M22663,,ORIGINAL,AU,AUD,77,91
mr-004,,423175,DEFAULT,AU,AUD,70,82
mr-004,,423175,ORIGINAL,AU,AUD,77,91
mr-004,M22664,,DEFAULT,AU,AUD,66,79
mr-004,,423178,DEFAULT,AU,AUD,66,79
mr-004,M22682,,DEFAULT,AU,AUD,3689,4390
mr-004,,423237,DEFAULT,AU,AUD,3689,4390
mr-004,M22293,,DEFAULT,AU,AUD,121,144
mr-004,,423383,DEFAULT,AU,AUD,121,144
mr-004,M22796,,DEFAULT,AU,AUD,74,88
mr-004,M22796,,ORIGINAL,AU,AUD,82,98
mr-004,,423452,DEFAULT,AU,AUD,74,88
mr-004,,423452,ORIGINAL,AU,AUD,82,98
mr-004,M22797,,DEFAULT,AU,AUD,70,83
mr-004,,423456,DEFAULT,AU,AUD,70,83
mr-004,M23067,,DEFAULT,AU,AUD,2704,3218
mr-004,,423909,DEFAULT,AU,AUD,2704,3218
mr-004,M23340,,DEFAULT,AU,AUD,591,704
mr-004,,424265,DEFAULT,AU,AUD,591,704
mr-004,M23343,,DEFAULT,AU,AUD,872,1038
mr-004,,424270,DEFAULT,AU,AUD,872,1038
mr-004,M23345,,DEFAULT,AU,AUD,394,469
mr-004,,424273,DEFAULT,AU,AUD,394,469
mr-004,M23432,,DEFAULT,AU,AUD,44,53
mr-004,,424372,DEFAULT,AU,AUD,44,53
mr-004,M23436,,DEFAULT,AU,AUD,97,115
mr-004,,424384,DEFAULT,AU,AUD,97,115
mr-004,M23438,,DEFAULT,AU,AUD,112,134
mr-004,,424390,DEFAULT,AU,AUD,112,134
mr-004,M23440,,DEFAULT,AU,AUD,112,134
mr-004,,424397,DEFAULT,AU,AUD,112,134
mr-004,M23441,,DEFAULT,AU,AUD,112,134
mr-004,,424400,DEFAULT,AU,AUD,112,134
mr-004,M23444,,DEFAULT,AU,AUD,143,170
mr-004,,424409,DEFAULT,AU,AUD,143,170
mr-004,M23450,,DEFAULT,AU,AUD,106,126
mr-004,,424430,DEFAULT,AU,AUD,106,126
mr-004,M23451,,DEFAULT,AU,AUD,106,126
mr-004,,424431,DEFAULT,AU,AUD,106,126
mr-004,M23454,,DEFAULT,AU,AUD,120,143
mr-004,,424442,DEFAULT,AU,AUD,120,143
mr-004,M23455,,DEFAULT,AU,AUD,120,143
mr-004,,424447,DEFAULT,AU,AUD,120,143
mr-004,M23456,,DEFAULT,AU,AUD,218,261
mr-004,,424449,DEFAULT,AU,AUD,218,261
mr-004,M23457,,DEFAULT,AU,AUD,196,234
mr-004,,424453,DEFAULT,AU,AUD,196,234
mr-004,M23459,,DEFAULT,AU,AUD,554,659
mr-004,,424463,DEFAULT,AU,AUD,554,659
mr-004,M23460,,DEFAULT,AU,AUD,265,315
mr-004,,424464,DEFAULT,AU,AUD,265,315
mr-004,M23461,,DEFAULT,AU,AUD,143,170
mr-004,,424466,DEFAULT,AU,AUD,143,170
mr-004,M23462,,DEFAULT,AU,AUD,123,146
mr-004,,424472,DEFAULT,AU,AUD,123,146
mr-004,M23463,,DEFAULT,AU,AUD,123,146
mr-004,,424475,DEFAULT,AU,AUD,123,146
mr-004,M23467,,DEFAULT,AU,AUD,218,261
mr-004,,424493,DEFAULT,AU,AUD,218,261
mr-004,M23468,,DEFAULT,AU,AUD,226,270
mr-004,,424496,DEFAULT,AU,AUD,226,270
mr-004,M23469,,DEFAULT,AU,AUD,295,352
mr-004,,424503,DEFAULT,AU,AUD,295,352
mr-004,M23470,,DEFAULT,AU,AUD,242,288
mr-004,,424506,DEFAULT,AU,AUD,242,288
mr-004,M23471,,DEFAULT,AU,AUD,189,225
mr-004,,424510,DEFAULT,AU,AUD,189,225
mr-004,M23472,,DEFAULT,AU,AUD,318,378
mr-004,,424513,DEFAULT,AU,AUD,318,378
mr-004,M23473,,DEFAULT,AU,AUD,158,189
mr-004,,424516,DEFAULT,AU,AUD,158,189
mr-004,M23475,,DEFAULT,AU,AUD,302,360
mr-004,,424527,DEFAULT,AU,AUD,302,360
mr-004,M23476,,DEFAULT,AU,AUD,302,360
mr-004,,424528,DEFAULT,AU,AUD,302,360
mr-004,M23477,,DEFAULT,AU,AUD,302,360
mr-004,,424529,DEFAULT,AU,AUD,302,360
mr-004,M23478,,DEFAULT,AU,AUD,302,360
mr-004,,424530,DEFAULT,AU,AUD,302,360
mr-004,M23479,,DEFAULT,AU,AUD,478,569
mr-004,,424531,DEFAULT,AU,AUD,478,569
mr-004,M23482,,DEFAULT,AU,AUD,150,179
mr-004,,424542,DEFAULT,AU,AUD,150,179
mr-004,M23484,,DEFAULT,AU,AUD,189,225
mr-004,,424546,DEFAULT,AU,AUD,189,225
mr-004,M23486,,DEFAULT,AU,AUD,218,261
mr-004,,424549,DEFAULT,AU,AUD,218,261
mr-004,M23487,,DEFAULT,AU,AUD,218,261
mr-004,,424550,DEFAULT,AU,AUD,218,261
mr-004,M23488,,DEFAULT,AU,AUD,226,270
mr-004,,424551,DEFAULT,AU,AUD,226,270
mr-004,M23510,,DEFAULT,AU,AUD,546,650
mr-004,,424599,DEFAULT,AU,AUD,546,650
mr-004,M23512,,DEFAULT,AU,AUD,67,80
mr-004,,424605,DEFAULT,AU,AUD,67,80
mr-004,M23513,,DEFAULT,AU,AUD,72,86
mr-004,,424606,DEFAULT,AU,AUD,72,86
mr-004,M23720,,DEFAULT,AU,AUD,1032,1228
mr-004,,425073,DEFAULT,AU,AUD,1032,1228
mr-004,M23721,,DEFAULT,AU,AUD,1427,1698
mr-004,,425074,DEFAULT,AU,AUD,1427,1698
mr-004,M23722,,DEFAULT,AU,AUD,3664,4361
mr-004,,425075,DEFAULT,AU,AUD,3664,4361
mr-004,M23724,,DEFAULT,AU,AUD,645,767
mr-004,,425078,DEFAULT,AU,AUD,645,767
mr-004,M23723,,DEFAULT,AU,AUD,470,559
mr-004,,425079,DEFAULT,AU,AUD,470,559
mr-004,M23725,,DEFAULT,AU,AUD,1199,1427
mr-004,,425082,DEFAULT,AU,AUD,1199,1427
mr-004,M23726,,DEFAULT,AU,AUD,1307,1555
mr-004,,425083,DEFAULT,AU,AUD,1307,1555
mr-004,M23727,,DEFAULT,AU,AUD,1799,2142
mr-004,,425084,DEFAULT,AU,AUD,1799,2142
mr-004,M26415,,DEFAULT,AU,AUD,2323,2765
mr-004,,425086,DEFAULT,AU,AUD,2323,2765
mr-004,M23729,,DEFAULT,AU,AUD,1731,2060
mr-004,,425087,DEFAULT,AU,AUD,1731,2060
mr-004,M23730,,DEFAULT,AU,AUD,318,378
mr-004,,425088,DEFAULT,AU,AUD,318,378
mr-004,M23731,,DEFAULT,AU,AUD,363,432
mr-004,,425090,DEFAULT,AU,AUD,363,432
mr-004,M23732,,DEFAULT,AU,AUD,546,650
mr-004,,425093,DEFAULT,AU,AUD,546,650
mr-004,M26416,,DEFAULT,AU,AUD,2893,3443
mr-004,,425096,DEFAULT,AU,AUD,2893,3443
mr-004,M26417,,DEFAULT,AU,AUD,1101,1310
mr-004,,425097,DEFAULT,AU,AUD,1101,1310
mr-004,M26418,,DEFAULT,AU,AUD,1343,1598
mr-004,,425098,DEFAULT,AU,AUD,1343,1598
mr-004,M26419,,DEFAULT,AU,AUD,1807,2150
mr-004,,425099,DEFAULT,AU,AUD,1807,2150
mr-004,M26420,,DEFAULT,AU,AUD,1883,2241
mr-004,,425100,DEFAULT,AU,AUD,1883,2241
mr-004,M23751,,DEFAULT,AU,AUD,2218,2639
mr-004,,425123,DEFAULT,AU,AUD,2218,2639
mr-004,M23766,,DEFAULT,AU,AUD,758,903
mr-004,,425140,DEFAULT,AU,AUD,758,903
mr-004,M23770,,DEFAULT,AU,AUD,1366,1626
mr-004,,425149,DEFAULT,AU,AUD,1366,1626
mr-004,M23764,,DEFAULT,AU,AUD,1442,1717
mr-004,,425150,DEFAULT,AU,AUD,1442,1717
mr-004,M23771,,DEFAULT,AU,AUD,2050,2440
mr-004,,425152,DEFAULT,AU,AUD,2050,2440
mr-004,M23777,,DEFAULT,AU,AUD,922,1098
mr-004,,425159,DEFAULT,AU,AUD,922,1098
mr-004,M24143,,DEFAULT,AU,AUD,432,514
mr-004,,425751,DEFAULT,AU,AUD,432,514
mr-004,M24416,,DEFAULT,AU,AUD,4937,5875
mr-004,,426376,DEFAULT,AU,AUD,4937,5875
mr-004,M24417,,DEFAULT,AU,AUD,9041,10758
mr-004,,426377,DEFAULT,AU,AUD,9041,10758
mr-004,M24418,,DEFAULT,AU,AUD,12839,15279
mr-004,M24418,,ORIGINAL,AU,AUD,14266,16977
mr-004,,426378,DEFAULT,AU,AUD,12839,15279
mr-004,,426378,ORIGINAL,AU,AUD,14266,16977
mr-004,M24563,,DEFAULT,AU,AUD,1234,1469
mr-004,,426531,DEFAULT,AU,AUD,1234,1469
mr-004,M24605,,DEFAULT,AU,AUD,2821,3357
mr-004,M24605,,ORIGINAL,AU,AUD,3134,3730
mr-004,,426581,DEFAULT,AU,AUD,2821,3357
mr-004,,426581,ORIGINAL,AU,AUD,3134,3730
mr-004,M24606,,DEFAULT,AU,AUD,550,655
mr-004,,426582,DEFAULT,AU,AUD,550,655
mr-004,M24609,,DEFAULT,AU,AUD,5579,6639
mr-004,,426587,DEFAULT,AU,AUD,5579,6639
mr-004,M24610,,DEFAULT,AU,AUD,1970,2344
mr-004,,426588,DEFAULT,AU,AUD,1970,2344
mr-004,M24612,,DEFAULT,AU,AUD,1086,1292
mr-004,,426590,DEFAULT,AU,AUD,1086,1292
mr-004,M24613,,DEFAULT,AU,AUD,622,740
mr-004,,426591,DEFAULT,AU,AUD,622,740
mr-004,M24632,,DEFAULT,AU,AUD,7964,9477
mr-004,,426615,DEFAULT,AU,AUD,7964,9477
mr-004,M24637,,DEFAULT,AU,AUD,803,956
mr-004,,426620,DEFAULT,AU,AUD,803,956
mr-004,M25598,,DEFAULT,AU,AUD,890,1059
mr-004,,427913,DEFAULT,AU,AUD,890,1059
mr-004,M25599,,DEFAULT,AU,AUD,1645,1958
mr-004,,427914,DEFAULT,AU,AUD,1645,1958
mr-004,M25600,,DEFAULT,AU,AUD,1190,1416
mr-004,,427915,DEFAULT,AU,AUD,1190,1416
mr-004,M1002203,,DEFAULT,AU,AUD,12931,15388
mr-004,,463981,DEFAULT,AU,AUD,12931,15388
mr-004,M1014629,,DEFAULT,AU,AUD,27298,32484
mr-004,,463994,DEFAULT,AU,AUD,27298,32484
mr-004,M1024601,,DEFAULT,AU,AUD,31322,37273
mr-004,,464000,DEFAULT,AU,AUD,31322,37273
mr-004,M1015356,,DEFAULT,AU,AUD,31322,37273
mr-004,,464001,DEFAULT,AU,AUD,31322,37273
mr-004,M1015355,,DEFAULT,AU,AUD,31322,37273
mr-004,,464002,DEFAULT,AU,AUD,31322,37273
mr-004,M1014645,,DEFAULT,AU,AUD,56283,66977
mr-004,,464003,DEFAULT,AU,AUD,56283,66977
mr-004,M1014646,,DEFAULT,AU,AUD,148551,176776
mr-004,,464004,DEFAULT,AU,AUD,148551,176776
mr-004,M1014653,,DEFAULT,AU,AUD,47506,56533
mr-004,,464005,DEFAULT,AU,AUD,47506,56533
mr-004,M1014656,,DEFAULT,AU,AUD,38960,46400
mr-004,,464007,DEFAULT,AU,AUD,38960,46400
mr-004,M1014642,,DEFAULT,AU,AUD,39374,46855
mr-004,,464012,DEFAULT,AU,AUD,39374,46855
mr-004,M1014643,,DEFAULT,AU,AUD,44205,52604
mr-004,,464013,DEFAULT,AU,AUD,44205,52604
mr-004,M1014644,,DEFAULT,AU,AUD,50646,60270
mr-004,,464014,DEFAULT,AU,AUD,50646,60270
mr-004,M88181,,DEFAULT,AU,AUD,173118,206010
mr-004,,490001,DEFAULT,AU,AUD,173118,206010
mr-004,M88182,,DEFAULT,AU,AUD,197274,234756
mr-004,,490002,DEFAULT,AU,AUD,197274,234756
mr-004,M857,,DEFAULT,AU,AUD,20333,24196
mr-004,,500344,DEFAULT,AU,AUD,20333,24196
mr-004,M75730,,DEFAULT,AU,AUD,16278,19370
mr-004,,500380,DEFAULT,AU,AUD,16278,19370
mr-004,M852,,DEFAULT,AU,AUD,27346,32542
mr-004,,500487,DEFAULT,AU,AUD,27346,32542
mr-004,M58335,,DEFAULT,AU,AUD,27174,32337
mr-004,,500942,DEFAULT,AU,AUD,27174,32337
mr-004,M58336,,DEFAULT,AU,AUD,44943,53482
mr-004,,500946,DEFAULT,AU,AUD,44943,53482
mr-004,M58315,,DEFAULT,AU,AUD,23270,27691
mr-004,,501000,DEFAULT,AU,AUD,23270,27691
mr-004,M62306,,DEFAULT,AU,AUD,6151,7321
mr-004,,501022,DEFAULT,AU,AUD,6151,7321
mr-004,M62301,,DEFAULT,AU,AUD,4194,4992
mr-004,,501039,DEFAULT,AU,AUD,4194,4992
mr-004,M62305,,DEFAULT,AU,AUD,5281,6284
mr-004,,501040,DEFAULT,AU,AUD,5281,6284
mr-004,M68854,,DEFAULT,AU,AUD,49681,59120
mr-004,,501517,DEFAULT,AU,AUD,49681,59120
mr-004,M68726,,DEFAULT,AU,AUD,17311,20601
mr-004,,502173,DEFAULT,AU,AUD,17311,20601
mr-004,M68727,,DEFAULT,AU,AUD,18438,21942
mr-004,,502178,DEFAULT,AU,AUD,18438,21942
mr-004,M1896,,DEFAULT,AU,AUD,45398,54025
mr-004,,506670,DEFAULT,AU,AUD,45398,54025
mr-004,M858,,DEFAULT,AU,AUD,33974,40429
mr-004,,506719,DEFAULT,AU,AUD,33974,40429
mr-004,M859,,DEFAULT,AU,AUD,37741,44912
mr-004,,507871,DEFAULT,AU,AUD,37741,44912
mr-004,M75686,,DEFAULT,AU,AUD,37548,44682
mr-004,,507920,DEFAULT,AU,AUD,37548,44682
mr-004,M856,,DEFAULT,AU,AUD,19466,23164
mr-004,,508165,DEFAULT,AU,AUD,19466,23164
mr-004,M43347,,DEFAULT,AU,AUD,14550,17314
mr-004,,508321,DEFAULT,AU,AUD,14550,17314
mr-004,M75727,,DEFAULT,AU,AUD,46302,55100
mr-004,,508328,DEFAULT,AU,AUD,46302,55100
mr-004,M75700,,DEFAULT,AU,AUD,22260,26489
mr-004,,508330,DEFAULT,AU,AUD,22260,26489
mr-004,M75685,,DEFAULT,AU,AUD,38142,45389
mr-004,,508378,DEFAULT,AU,AUD,38142,45389
mr-004,M55895,,DEFAULT,AU,AUD,32127,38231
mr-004,,509070,DEFAULT,AU,AUD,32127,38231
mr-004,M1014874,,DEFAULT,AU,AUD,15218,18110
mr-004,,512067,DEFAULT,AU,AUD,15218,18110
mr-004,M1014866,,DEFAULT,AU,AUD,16023,19067
mr-004,,512081,DEFAULT,AU,AUD,16023,19067
mr-004,M1014871,,DEFAULT,AU,AUD,16023,19067
mr-004,,512086,DEFAULT,AU,AUD,16023,19067
mr-004,M1014870,,DEFAULT,AU,AUD,16023,19067
mr-004,,512094,DEFAULT,AU,AUD,16023,19067
mr-004,M1013168,,DEFAULT,AU,AUD,5870,6985
mr-004,,517598,DEFAULT,AU,AUD,5870,6985
mr-004,M1013287,,DEFAULT,AU,AUD,9855,11728
mr-004,,517630,DEFAULT,AU,AUD,9855,11728
mr-004,M1013541,,DEFAULT,AU,AUD,12246,14574
mr-004,,519762,DEFAULT,AU,AUD,12246,14574
mr-004,M1016129,,DEFAULT,AU,AUD,25363,30182
mr-004,,520561,DEFAULT,AU,AUD,25363,30182
mr-004,M55936,,DEFAULT,AU,AUD,17858,21251
mr-004,,544183,DEFAULT,AU,AUD,17858,21251
mr-004,M1028702,,DEFAULT,AU,AUD,56283,66977
mr-004,,573330,DEFAULT,AU,AUD,56283,66977
mr-004,M58227,,DEFAULT,AU,AUD,7854,9346
mr-004,,573872,DEFAULT,AU,AUD,7854,9346
mr-004,M58228,,DEFAULT,AU,AUD,10165,12096
mr-004,,573874,DEFAULT,AU,AUD,10165,12096
mr-004,M58230,,DEFAULT,AU,AUD,16281,19374
mr-004,,573878,DEFAULT,AU,AUD,16281,19374
mr-004,M58312,,DEFAULT,AU,AUD,15431,18363
mr-004,,573880,DEFAULT,AU,AUD,15431,18363
mr-004,M58313,,DEFAULT,AU,AUD,16143,19210
mr-004,,573882,DEFAULT,AU,AUD,16143,19210
mr-004,M58314,,DEFAULT,AU,AUD,16383,19496
mr-004,,573884,DEFAULT,AU,AUD,16383,19496
mr-004,M54107,,DEFAULT,AU,AUD,23976,28532
mr-004,,573887,DEFAULT,AU,AUD,23976,28532
mr-004,M54110,,DEFAULT,AU,AUD,45328,53941
mr-004,,573888,DEFAULT,AU,AUD,45328,53941
mr-004,M54111,,DEFAULT,AU,AUD,43954,52305
mr-004,,573889,DEFAULT,AU,AUD,43954,52305
mr-004,M54113,,DEFAULT,AU,AUD,80439,95722
mr-004,,573890,DEFAULT,AU,AUD,80439,95722
mr-004,M55937,,DEFAULT,AU,AUD,32127,38231
mr-004,,573906,DEFAULT,AU,AUD,32127,38231
mr-004,M1018211,,DEFAULT,AU,AUD,28987,34494
mr-004,,573939,DEFAULT,AU,AUD,28987,34494
mr-004,M635,,DEFAULT,AU,AUD,84143,100130
mr-004,,574598,DEFAULT,AU,AUD,84143,100130
mr-004,M1014496,,DEFAULT,AU,AUD,96221,114503
mr-004,,574599,DEFAULT,AU,AUD,96221,114503
mr-004,M636,,DEFAULT,AU,AUD,122793,146123
mr-004,,574601,DEFAULT,AU,AUD,122793,146123
mr-004,M74966,,DEFAULT,AU,AUD,122793,146123
mr-004,,574602,DEFAULT,AU,AUD,122793,146123
mr-004,M1014502,,DEFAULT,AU,AUD,126818,150914
mr-004,,574603,DEFAULT,AU,AUD,126818,150914
mr-004,M1028095,,DEFAULT,AU,AUD,6674,7943
mr-004,,574969,DEFAULT,AU,AUD,6674,7943
mr-004,M49320,,DEFAULT,AU,AUD,58698,69851
mr-004,,574971,DEFAULT,AU,AUD,58698,69851
mr-004,M78380,,DEFAULT,AU,AUD,60897,72468
mr-004,,574972,DEFAULT,AU,AUD,60897,72468
mr-004,M90850,,DEFAULT,AU,AUD,80439,95722
mr-004,,574973,DEFAULT,AU,AUD,80439,95722
mr-004,M1017945,,DEFAULT,AU,AUD,28906,34398
mr-004,,574987,DEFAULT,AU,AUD,28906,34398
mr-004,M1017905,,DEFAULT,AU,AUD,58449,69554
mr-004,M1017905,,ORIGINAL,AU,AUD,64942,77282
mr-004,,574995,DEFAULT,AU,AUD,58449,69554
mr-004,,574995,ORIGINAL,AU,AUD,64942,77282
mr-004,M72939,,DEFAULT,AU,AUD,42984,51151
mr-004,,575056,DEFAULT,AU,AUD,42984,51151
mr-004,M72940,,DEFAULT,AU,AUD,46610,55466
mr-004,,575057,DEFAULT,AU,AUD,46610,55466
mr-004,M72942,,DEFAULT,AU,AUD,51596,61399
mr-004,,575058,DEFAULT,AU,AUD,51596,61399
mr-004,M72943,,DEFAULT,AU,AUD,53031,63107
mr-004,,575059,DEFAULT,AU,AUD,53031,63107
mr-004,M72944,,DEFAULT,AU,AUD,55902,66524
mr-004,,575060,DEFAULT,AU,AUD,55902,66524
mr-004,M72945,,DEFAULT,AU,AUD,58773,69940
mr-004,,575061,DEFAULT,AU,AUD,58773,69940
mr-004,M1017902,,DEFAULT,AU,AUD,52956,63018
mr-004,,575065,DEFAULT,AU,AUD,52956,63018
mr-004,M1022632,,DEFAULT,AU,AUD,28745,34206
mr-004,,575186,DEFAULT,AU,AUD,28745,34206
mr-004,M1022643,,DEFAULT,AU,AUD,28745,34206
mr-004,,575191,DEFAULT,AU,AUD,28745,34206
mr-004,M1022640,,DEFAULT,AU,AUD,24438,29082
mr-004,,575193,DEFAULT,AU,AUD,24438,29082
mr-004,M1028061,,DEFAULT,AU,AUD,17790,21171
mr-004,,575257,DEFAULT,AU,AUD,17790,21171
mr-004,M1028062,,DEFAULT,AU,AUD,19339,23014
mr-004,,575260,DEFAULT,AU,AUD,19339,23014
mr-004,M1030133,,DEFAULT,AU,AUD,11709,13934
mr-004,,575284,DEFAULT,AU,AUD,11709,13934
mr-004,M29930,,DEFAULT,AU,AUD,747886,889983
mr-004,,621613,DEFAULT,AU,AUD,747886,889983
mr-004,M29929,,DEFAULT,AU,AUD,672342,800086
mr-004,,621614,DEFAULT,AU,AUD,672342,800086
mr-004,M29931,,DEFAULT,AU,AUD,619461,737158
mr-004,,621618,DEFAULT,AU,AUD,619461,737158
mr-004,M1028483,,DEFAULT,AU,AUD,17814,21199
mr-004,,632992,DEFAULT,AU,AUD,17814,21199
mr-004,M21705,,DEFAULT,AU,AUD,1291,1536
mr-004,,655941,DEFAULT,AU,AUD,1291,1536
mr-004,M83,,DEFAULT,AU,AUD,7826,9313
mr-004,,657712,DEFAULT,AU,AUD,7826,9313
mr-004,M84,,DEFAULT,AU,AUD,7826,9313
mr-004,,657713,DEFAULT,AU,AUD,7826,9313
mr-004,M85,,DEFAULT,AU,AUD,7826,9313
mr-004,,657714,DEFAULT,AU,AUD,7826,9313
mr-004,M86,,DEFAULT,AU,AUD,7826,9313
mr-004,,657715,DEFAULT,AU,AUD,7826,9313
mr-004,M87,,DEFAULT,AU,AUD,7826,9313
mr-004,,657716,DEFAULT,AU,AUD,7826,9313
mr-004,M111,,DEFAULT,AU,AUD,12842,15282
mr-004,,673327,DEFAULT,AU,AUD,12842,15282
mr-004,M12656,,DEFAULT,AU,AUD,16152,19221
mr-004,,107255,DEFAULT,AU,AUD,16152,19221
